{"cameraMode":{"drawMode":0,"name":"Shaded","section":"Shading Mode"},"sceneLighting":true,"audioPlay":false,"sceneViewState":{"showFog":false,"showMaterialUpdate":false,"showSkybox":false,"showFlares":false,"showImageEffects":false,"showParticleSystems":false},"in2DMode":false,"pivot":{"x":-19.15213394165039,"y":-1.1963834762573243,"z":-74.47454833984375},"rotation":{"x":0.19701842963695527,"y":-0.3350123465061188,"z":0.07189358025789261,"w":0.9185760021209717},"size":22.176551818847658,"orthographic":false}