{"cameraMode":{"drawMode":0,"name":"Shaded","section":"Shading Mode"},"sceneLighting":false,"audioPlay":false,"sceneViewState":{"showFog":false,"showMaterialUpdate":false,"showSkybox":false,"showFlares":false,"showImageEffects":false,"showParticleSystems":false},"in2DMode":false,"pivot":{"x":1.2753297090530396,"y":2.831228733062744,"z":-5.3229265213012699},"rotation":{"x":0.02862987294793129,"y":0.8616715669631958,"z":-0.048919085413217548,"w":0.5042909979820252},"size":15.692500114440918,"orthographic":false}